<?xml version="1.0" encoding="UTF-8"?>
<!DOCTYPE log4j:configuration SYSTEM "log4j.dtd">

<log4j:configuration xmlns:log4j="http://jakarta.apache.org/log4j/" debug="false">

   <!-- ================================= -->
   <!-- Preserve messages in a local file -->
   <!-- ================================= -->

   <!-- A time/date based rolling appender -->
   <appender name="FILE" class="org.apache.log4j.DailyRollingFileAppender">
      <param name="File" value="E:/Users/tta/dev_tool/log/server.log"/>
      <param name="Append" value="true"/>
      <param name="Threshold" value="INFO"/>
      <!-- Rollover at midnight each day -->
      <param name="DatePattern" value="'.'yyyy-MM-dd"/>
      <layout class="org.apache.log4j.EnhancedPatternLayout">
         <param name="ConversionPattern" value="%d{ISO8601}{PST} %-5p [%c{1}] %m [txid=%X{txid}] [serviceName=%X{serviceName}]%n"/>
      </layout>
   </appender>

   <!-- ============================== -->
   <!-- Append messages to the console -->
   <!-- ============================== -->

   <appender name="CONSOLE" class="org.apache.log4j.ConsoleAppender">
      <param name="Target" value="System.out"/>
      <param name="Threshold" value="INFO"/>

      <layout class="org.apache.log4j.EnhancedPatternLayout">
         <!-- The default pattern: Date Priority [Category] Message\n -->
         <param name="ConversionPattern" value="%d{ISO8601}{PST} %-5p [%c{1}] %m [txid=%X{txid}] [serviceName=%X{serviceName}]%n"/>
      </layout>
   </appender>

   <!-- ================ -->
   <!-- Limit categories -->
   <!-- ================ -->

   <!-- Limit the org.apache category to INFO as its DEBUG is verbose -->
   <category name="org.apache">
      <priority value="INFO"/>
   </category>

   <!-- Limit the jacorb category to WARN as its INFO is verbose -->
   <category name="jacorb">
      <priority value="WARN"/>
   </category>

   <!-- Limit the org.jgroups category to WARN as its INFO is verbose -->
   <category name="org.jgroups">
      <priority value="WARN"/>
   </category>

   <!-- Limit the org.quartz category to INFO as its DEBUG is verbose -->
   <category name="org.quartz">
      <priority value="TRACE"/>
   </category>
   <category name="com.caiso">
      <priority value="DEBUG"/>
   </category>
   
	<category name="org.springframework.jdbc.core.JdbcTemplate">
	    <priority value="debug" />
	</category>
	
   <root>
   	  <priority value="INFO" />
       <appender-ref ref="CONSOLE"/>    
   </root>
</log4j:configuration>
