<?xml version="1.0"?>

<!--
 Copyright 2004 Sun Microsystems, Inc. All rights reserved.
 SUN PROPRIETARY/CONFIDENTIAL. Use is subject to license terms.
-->

<Server port="8005" shutdown="SHUTDOWN" debug="0">

  <!-- Enable JMX MBeans Support -->
  <Listener className="org.apache.catalina.mbeans.ServerLifecycleListener"
            debug="0"/>
  <Listener className="org.apache.catalina.mbeans.GlobalResourcesLifecycleListener"
            debug="0"/>

  <!-- Global JNDI resources -->
  <GlobalNamingResources>

    <!-- Test entry for demonstration purposes -->
    <Environment name="simpleValue" type="java.lang.Integer" value="30"/>

    <Environment name="jwsdp.home"
       description="Absolute Pathname of the JWSDP Installation"
              type="java.lang.String"
             value="C:\Users\Chandra\Downloads\1"/>

    <!-- Editable user database that can also be used by
         UserDatabaseRealm to authenticate users -->
    <Resource name="UserDatabase" auth="Container"
              type="org.apache.catalina.UserDatabase"
       description="User database that can be updated and saved">
    </Resource>
    <ResourceParams name="UserDatabase">
      <parameter>
        <name>factory</name>
        <value>org.apache.catalina.users.MemoryUserDatabaseFactory</value>
      </parameter>
      <parameter>
        <name>pathname</name>
        <value>conf/tomcat-users.xml</value>
      </parameter>
    </ResourceParams>

    <!-- Users and Groups Database -->

  </GlobalNamingResources>

  <Service name="Java Web Services Developer Pack">

    <!-- Define a non-SSL Coyote HTTP/1.1 Connector on port 8080 -->
    <Connector className="org.apache.coyote.tomcat5.CoyoteConnector"
               port="8080" minProcessors="5" maxProcessors="100"
               enableLookups="true" redirectPort="8443" acceptCount="100"
               debug="0" connectionTimeout="20000" 
               disableUploadTimeout="true" xpoweredBy="true"/>

    <!--
         By default, an SSL HTTP/1.1 Connector is not enabled. You can
         enable an SSL HTTP/1.1 Connector on port 8443 by following the
         steps below and uncommenting the Connector that follows these
         steps. SSL support requires the following steps (see the SSL Config
         HOWTO in the Tomcat 4.0 documentation bundle for more detailed
         instructions):

         * Execute the following command:
             %JAVA_HOME%\bin\keytool -genkey -alias tomcat -keyalg RSA (Windows)
             $JAVA_HOME/bin/keytool -genkey -alias tomcat -keyalg RSA  (Unix)
           with a password value of "changeit" for both the certificate and
           the keystore itself.
    -->
    <!-- Define a SSL Coyote HTTP/1.1 Connector on port 8443 -->
    <!--
    <Connector className="org.apache.coyote.tomcat5.CoyoteConnector"
               port="8443" minProcessors="5" maxProcessors="75"
               enableLookups="true" disableUploadTimeout="true"
	       acceptCount="100" debug="0" scheme="https" secure="true">
      <Factory className="org.apache.coyote.tomcat5.CoyoteServerSocketFactory"
               clientAuth="false" protocol="TLS" />
    </Connector>
    -->

    <!-- Define the top level container in our container hierarchy -->
    <Engine name="Catalina" defaultHost="localhost" debug="0">

      <!-- Pack-Wide Access Logger -->
      <Valve   className="org.apache.catalina.valves.AccessLogValve"
               directory="logs" prefix="access_log." suffix=".txt"
               resolveHosts="false"/>

      <!-- Pack-Wide Message Logger -->
      <Logger  className="org.apache.catalina.logger.FileLogger"
               directory="logs" timestamp="true"
               prefix="jwsdp_log." suffix=".txt"/>

      <!-- Pack-Wide Realm -->
      <Realm   className="org.apache.catalina.realm.UserDatabaseRealm"
            resourceName="UserDatabase"
                   debug="0"/>

      <!-- Define the default virtual host -->
      <Host name="localhost" debug="0" appBase="webapps"
       unpackWARs="false" autoDeploy="true">

        <Valve className="org.apache.catalina.authenticator.SingleSignOn"
                   debug="0"/>`

      </Host>

    </Engine>

  </Service>

  <!--
  <Service name="InternalServices">
  -->

    <!-- Define a non-SSL Coyote HTTP/1.1 Connector on port 8081 -->
    <!--
    <Connector className="org.apache.coyote.tomcat5.CoyoteConnector"
               port="8081" minProcessors="5" maxProcessors="100"
               enableLookups="true" redirectPort="8443" acceptCount="100"
               debug="0" connectionTimeout="20000" 
               disableUploadTimeout="true" />
    -->

    <!-- Define the top level container in our container hierarchy -->
    <!--
    <Engine name="ServicesEngine" defaultHost="jwsdp-services" debug="0">
    -->

      <!-- Pack-Wide Message Logger -->
    <!--
      <Logger  className="org.apache.catalina.logger.FileLogger"
               directory="logs" timestamp="true"
               prefix="services_log." suffix=".txt"/>
    -->

      <!-- Pack-Wide Realm -->
    <!--
      <Realm   className="org.apache.catalina.realm.UserDatabaseRealm"
            resourceName="UserDatabase"
                   debug="0"/>

    -->
      <!-- Define the default virtual host -->
    <!--
      <Host name="jwsdp-services" debug="0" appBase="jaxm-1.1.1/services"
       unpackWARs="false" autoDeploy="true">

      </Host>

    </Engine>

  </Service>
    -->

</Server>
